<?xml version="1.0" encoding="iso-8859-1"?>
<?xml-stylesheet  type="text/xsl" href="pmathml.xsl"?>
<html xmlns="http://www.w3.org/1999/xhtml" xmlns:m="http://www.w3.org/1998/Math/MathML" xml:space="preserve">


<head>
<title>OpenMath Schema in XSD Syntax (Non-Normative)</title>

<style>

body {
margin-left: 1em;
margin-right: 1em;
}

div.mdata {
margin-top: .5em;
margin-bottom: .5em;
margin-left: 5em;
}

span.mdatahead {
font-weight: bold;
}

div.minitoc {
border-width: thin;
border-style: solid;
border-color: blue;
font-size: 90%;
margin-top: 1em;
margin-bottom: 1em;
padding: 1em 1em 1em 1em;
}

p {text-align:justify;	   
  }
code {font-size: 125%;
      font-family: monospace; 
     }
.figure {
border-width:thin;
border-style: solid;
border-color: black;
margin: 0.5em 0.5em 0.5em 0.5em;
padding: 0.5em 0.5em 0.5em 0.5em;
}

div.caption {
margin-top: 1em;
}

.footnote{
font-size: 75%;
font-style: italic;
}
.delliteral {
font-size: 75%;
background-color: #efefef;
border-color: black;
border-style: solid;
border-width: 1px;
padding: 1em;
color: red;
text-decoration: line-through;
}
.newliteral {
font-size: 75%;
background-color: #efefef;
border-color: black;
border-style: solid;
border-width: 1px;
padding: 1em;
color: green;
}
.literal {
font-size: 75%;
background-color: #efefef;
border-color: black;
border-style: solid;
border-width: 1px;
padding: 1em;
margin:bottom: 1em;
}
.del {
color: red;
text-decoration: line-through;
}
.new {
color: green;
}
.chg {
color: blue;
}
.changetoc {
border-style: solid;
border-color: black;
border-width: 1px;
margin: 2em 2em 2em 2em;
background-color: yellow;
}

.lowerroman {
list-style-type: lower-roman;
}
</style>
</head>
<body>
  <div class="minitoc"><a href="omstd20html-0.xml">OpenMath 2</a> <a href="omstd20html-0.xml#toc">Table of Contents</a><br/><br/><a href="omstd20html-c.xml">Previous: C Restricting the <i>OpenMath</i> Schema (Non-Normative)</a><br/><a href="#app_xsd">This: D <i>OpenMath</i> Schema in XSD Syntax (Non-Normative)</a><br/><a href="omstd20html-e.xml">Next: E <i>OpenMath</i> DTD (Non-Normative)</a><br/></div>
  <div><h1 name="app_xsd" id="app_xsd">
  Appendix�D<br/><i>OpenMath</i> Schema in XSD Syntax (Non-Normative)</h1>
  
  
  <p>This is an XSD Schema generated from the Relax NG Schema described in 
    <a href="omstd20html-3.xml#sec_xml">Section�3.1</a>.
  </p>
  <div class="literal"><pre>
    

&lt;<span style="font-weight: bold; color: red">schema</span>
 xmlns:xs="http://www.w3.org/2001/XMLSchema"
 xmlns:om="http://www.openmath.org/OpenMath" elementFormDefault="qualified" targetNamespace="http://www.openmath.org/OpenMath"&gt;<a name="d0t17301"/>
  &lt;!-- OpenMath object constructor --&gt;<a name="d0t17303"/>
  &lt;<span style="font-weight: bold; color: red">element</span> name="OMOBJ"&gt;<a name="d0t17305"/>
    &lt;<span style="font-weight: bold; color: red">complexType</span>&gt;<a name="d0t17307"/>
      &lt;<span style="font-weight: bold; color: red">group</span> ref="om:omel"/&gt;<a name="d0t17309"/>
      &lt;<span style="font-weight: bold; color: red">attributeGroup</span> ref="om:compound.attributes"/&gt;<a name="d0t17311"/>
      &lt;<span style="font-weight: bold; color: red">attribute</span> name="version" type="xs:float"/&gt;<a name="d0t17313"/>
    &lt;/<span style="font-weight: bold; color: red">complexType</span>&gt;<a name="d0t17314"/>
  &lt;/<span style="font-weight: bold; color: red">element</span>&gt;<a name="d0t17315"/>
  &lt;!-- Elements which can appear inside an OpenMath object --&gt;<a name="d0t17317"/>
  &lt;<span style="font-weight: bold; color: red">group</span> name="omel"&gt;<a name="d0t17319"/>
    &lt;<span style="font-weight: bold; color: red">choice</span>&gt;<a name="d0t17321"/>
      &lt;<span style="font-weight: bold; color: red">element</span> ref="om:OMS"/&gt;<a name="d0t17323"/>
      &lt;<span style="font-weight: bold; color: red">element</span> ref="om:OMV"/&gt;<a name="d0t17325"/>
      &lt;<span style="font-weight: bold; color: red">element</span> ref="om:OMI"/&gt;<a name="d0t17327"/>
      &lt;<span style="font-weight: bold; color: red">element</span> ref="om:OMB"/&gt;<a name="d0t17329"/>
      &lt;<span style="font-weight: bold; color: red">element</span> ref="om:OMSTR"/&gt;<a name="d0t17331"/>
      &lt;<span style="font-weight: bold; color: red">element</span> ref="om:OMF"/&gt;<a name="d0t17333"/>
      &lt;<span style="font-weight: bold; color: red">element</span> ref="om:OMA"/&gt;<a name="d0t17335"/>
      &lt;<span style="font-weight: bold; color: red">element</span> ref="om:OMBIND"/&gt;<a name="d0t17337"/>
      &lt;<span style="font-weight: bold; color: red">element</span> ref="om:OME"/&gt;<a name="d0t17339"/>
      &lt;<span style="font-weight: bold; color: red">group</span> ref="om:OMATTR"/&gt;<a name="d0t17341"/>
      &lt;<span style="font-weight: bold; color: red">element</span> ref="om:OMR"/&gt;<a name="d0t17343"/>
    &lt;/<span style="font-weight: bold; color: red">choice</span>&gt;<a name="d0t17344"/>
  &lt;/<span style="font-weight: bold; color: red">group</span>&gt;<a name="d0t17345"/>
  &lt;!-- things which can be variables --&gt;<a name="d0t17347"/>
  &lt;<span style="font-weight: bold; color: red">group</span> name="omvar"&gt;<a name="d0t17349"/>
    &lt;<span style="font-weight: bold; color: red">choice</span>&gt;<a name="d0t17351"/>
      &lt;<span style="font-weight: bold; color: red">element</span> ref="om:OMV"/&gt;<a name="d0t17353"/>
      &lt;<span style="font-weight: bold; color: red">group</span> ref="om:attvar"/&gt;<a name="d0t17355"/>
    &lt;/<span style="font-weight: bold; color: red">choice</span>&gt;<a name="d0t17356"/>
  &lt;/<span style="font-weight: bold; color: red">group</span>&gt;<a name="d0t17357"/>
  &lt;<span style="font-weight: bold; color: red">group</span> name="attvar"&gt;<a name="d0t17359"/>
    &lt;<span style="font-weight: bold; color: red">sequence</span>&gt;<a name="d0t17361"/>
      &lt;<span style="font-weight: bold; color: red">element</span> name="OMATTR"&gt;<a name="d0t17363"/>
        &lt;<span style="font-weight: bold; color: red">complexType</span>&gt;<a name="d0t17365"/>
          &lt;<span style="font-weight: bold; color: red">sequence</span>&gt;<a name="d0t17367"/>
            &lt;<span style="font-weight: bold; color: red">element</span> ref="om:OMATP"/&gt;<a name="d0t17369"/>
            &lt;<span style="font-weight: bold; color: red">choice</span>&gt;<a name="d0t17371"/>
              &lt;<span style="font-weight: bold; color: red">element</span> ref="om:OMV"/&gt;<a name="d0t17373"/>
              &lt;<span style="font-weight: bold; color: red">group</span> ref="om:attvar"/&gt;<a name="d0t17375"/>
            &lt;/<span style="font-weight: bold; color: red">choice</span>&gt;<a name="d0t17376"/>
          &lt;/<span style="font-weight: bold; color: red">sequence</span>&gt;<a name="d0t17377"/>
          &lt;<span style="font-weight: bold; color: red">attributeGroup</span> ref="om:common.attributes"/&gt;<a name="d0t17379"/>
        &lt;/<span style="font-weight: bold; color: red">complexType</span>&gt;<a name="d0t17380"/>
      &lt;/<span style="font-weight: bold; color: red">element</span>&gt;<a name="d0t17381"/>
    &lt;/<span style="font-weight: bold; color: red">sequence</span>&gt;<a name="d0t17382"/>
  &lt;/<span style="font-weight: bold; color: red">group</span>&gt;<a name="d0t17383"/>
  &lt;<span style="font-weight: bold; color: red">attributeGroup</span> name="cdbase"&gt;<a name="d0t17385"/>
    &lt;<span style="font-weight: bold; color: red">attribute</span> name="cdbase" type="xs:anyURI"/&gt;<a name="d0t17387"/>
  &lt;/<span style="font-weight: bold; color: red">attributeGroup</span>&gt;<a name="d0t17388"/>
  &lt;!-- attributes common to all elements --&gt;<a name="d0t17390"/>
  &lt;<span style="font-weight: bold; color: red">attributeGroup</span> name="common.attributes"&gt;<a name="d0t17392"/>
    &lt;<span style="font-weight: bold; color: red">attribute</span> name="id" type="xs:ID"/&gt;<a name="d0t17394"/>
  &lt;/<span style="font-weight: bold; color: red">attributeGroup</span>&gt;<a name="d0t17395"/>
  &lt;!-- attributes common to all elements that construct compount OM objects. --&gt;<a name="d0t17397"/>
  &lt;<span style="font-weight: bold; color: red">attributeGroup</span> name="compound.attributes"&gt;<a name="d0t17399"/>
    &lt;<span style="font-weight: bold; color: red">attributeGroup</span> ref="om:common.attributes"/&gt;<a name="d0t17401"/>
    &lt;<span style="font-weight: bold; color: red">attributeGroup</span> ref="om:cdbase"/&gt;<a name="d0t17403"/>
  &lt;/<span style="font-weight: bold; color: red">attributeGroup</span>&gt;<a name="d0t17404"/>
  &lt;!-- symbol --&gt;<a name="d0t17406"/>
  &lt;<span style="font-weight: bold; color: red">element</span> name="OMS"&gt;<a name="d0t17408"/>
    &lt;<span style="font-weight: bold; color: red">complexType</span>&gt;<a name="d0t17410"/>
      &lt;<span style="font-weight: bold; color: red">attributeGroup</span> ref="om:common.attributes"/&gt;<a name="d0t17412"/>
      &lt;<span style="font-weight: bold; color: red">attribute</span> name="name" use="required" type="xs:NCName"/&gt;<a name="d0t17414"/>
      &lt;<span style="font-weight: bold; color: red">attribute</span> name="cd" use="required" type="xs:NCName"/&gt;<a name="d0t17416"/>
      &lt;<span style="font-weight: bold; color: red">attributeGroup</span> ref="om:cdbase"/&gt;<a name="d0t17418"/>
    &lt;/<span style="font-weight: bold; color: red">complexType</span>&gt;<a name="d0t17419"/>
  &lt;/<span style="font-weight: bold; color: red">element</span>&gt;<a name="d0t17420"/>
  &lt;!-- variable --&gt;<a name="d0t17422"/>
  &lt;<span style="font-weight: bold; color: red">element</span> name="OMV"&gt;<a name="d0t17424"/>
    &lt;<span style="font-weight: bold; color: red">complexType</span>&gt;<a name="d0t17426"/>
      &lt;<span style="font-weight: bold; color: red">attributeGroup</span> ref="om:common.attributes"/&gt;<a name="d0t17428"/>
      &lt;<span style="font-weight: bold; color: red">attribute</span> name="name" use="required" type="xs:NCName"/&gt;<a name="d0t17430"/>
    &lt;/<span style="font-weight: bold; color: red">complexType</span>&gt;<a name="d0t17431"/>
  &lt;/<span style="font-weight: bold; color: red">element</span>&gt;<a name="d0t17432"/>
  &lt;!-- integer --&gt;<a name="d0t17434"/>
  &lt;<span style="font-weight: bold; color: red">element</span> name="OMI"&gt;<a name="d0t17436"/>
    &lt;<span style="font-weight: bold; color: red">complexType</span>&gt;<a name="d0t17438"/>
      &lt;<span style="font-weight: bold; color: red">simpleContent</span>&gt;<a name="d0t17440"/>
        &lt;<span style="font-weight: bold; color: red">restriction</span> base="xs:anyType"&gt;<a name="d0t17442"/>
          &lt;<span style="font-weight: bold; color: red">simpleType</span>&gt;<a name="d0t17444"/>
            &lt;<span style="font-weight: bold; color: red">restriction</span> base="xs:string"&gt;<a name="d0t17446"/>
              &lt;<span style="font-weight: bold; color: red">pattern</span> value="\s*(-\s?)?[0-9]+(\s[0-9]+)*\s*"/&gt;<a name="d0t17448"/>
            &lt;/<span style="font-weight: bold; color: red">restriction</span>&gt;<a name="d0t17449"/>
          &lt;/<span style="font-weight: bold; color: red">simpleType</span>&gt;<a name="d0t17450"/>
          &lt;<span style="font-weight: bold; color: red">attributeGroup</span> ref="om:common.attributes"/&gt;<a name="d0t17452"/>
        &lt;/<span style="font-weight: bold; color: red">restriction</span>&gt;<a name="d0t17453"/>
      &lt;/<span style="font-weight: bold; color: red">simpleContent</span>&gt;<a name="d0t17454"/>
    &lt;/<span style="font-weight: bold; color: red">complexType</span>&gt;<a name="d0t17455"/>
  &lt;/<span style="font-weight: bold; color: red">element</span>&gt;<a name="d0t17456"/>
  &lt;!-- byte array --&gt;<a name="d0t17458"/>
  &lt;<span style="font-weight: bold; color: red">element</span> name="OMB"&gt;<a name="d0t17460"/>
    &lt;<span style="font-weight: bold; color: red">complexType</span>&gt;<a name="d0t17462"/>
      &lt;<span style="font-weight: bold; color: red">simpleContent</span>&gt;<a name="d0t17464"/>
        &lt;<span style="font-weight: bold; color: red">extension</span> base="xs:base64Binary"&gt;<a name="d0t17466"/>
          &lt;<span style="font-weight: bold; color: red">attributeGroup</span> ref="om:common.attributes"/&gt;<a name="d0t17468"/>
        &lt;/<span style="font-weight: bold; color: red">extension</span>&gt;<a name="d0t17469"/>
      &lt;/<span style="font-weight: bold; color: red">simpleContent</span>&gt;<a name="d0t17470"/>
    &lt;/<span style="font-weight: bold; color: red">complexType</span>&gt;<a name="d0t17471"/>
  &lt;/<span style="font-weight: bold; color: red">element</span>&gt;<a name="d0t17472"/>
  &lt;!-- string --&gt;<a name="d0t17474"/>
  &lt;<span style="font-weight: bold; color: red">element</span> name="OMSTR"&gt;<a name="d0t17476"/>
    &lt;<span style="font-weight: bold; color: red">complexType</span> mixed="true"&gt;<a name="d0t17478"/>
      &lt;<span style="font-weight: bold; color: red">attributeGroup</span> ref="om:common.attributes"/&gt;<a name="d0t17480"/>
    &lt;/<span style="font-weight: bold; color: red">complexType</span>&gt;<a name="d0t17481"/>
  &lt;/<span style="font-weight: bold; color: red">element</span>&gt;<a name="d0t17482"/>
  &lt;!-- IEEE floating point number --&gt;<a name="d0t17484"/>
  &lt;<span style="font-weight: bold; color: red">element</span> name="OMF"&gt;<a name="d0t17486"/>
    &lt;<span style="font-weight: bold; color: red">complexType</span>&gt;<a name="d0t17488"/>
      &lt;<span style="font-weight: bold; color: red">attributeGroup</span> ref="om:common.attributes"/&gt;<a name="d0t17490"/>
      &lt;<span style="font-weight: bold; color: red">attribute</span> name="dec" type="xs:double"/&gt;<a name="d0t17492"/>
      &lt;<span style="font-weight: bold; color: red">attribute</span> name="hex"&gt;<a name="d0t17494"/>
        &lt;<span style="font-weight: bold; color: red">simpleType</span>&gt;<a name="d0t17496"/>
          &lt;<span style="font-weight: bold; color: red">restriction</span> base="xs:string"&gt;<a name="d0t17498"/>
            &lt;<span style="font-weight: bold; color: red">pattern</span> value="[0-9A-F]+"/&gt;<a name="d0t17500"/>
          &lt;/<span style="font-weight: bold; color: red">restriction</span>&gt;<a name="d0t17501"/>
        &lt;/<span style="font-weight: bold; color: red">simpleType</span>&gt;<a name="d0t17502"/>
      &lt;/<span style="font-weight: bold; color: red">attribute</span>&gt;<a name="d0t17503"/>
    &lt;/<span style="font-weight: bold; color: red">complexType</span>&gt;<a name="d0t17504"/>
  &lt;/<span style="font-weight: bold; color: red">element</span>&gt;<a name="d0t17505"/>
  &lt;!-- apply constructor --&gt;<a name="d0t17507"/>
  &lt;<span style="font-weight: bold; color: red">element</span> name="OMA"&gt;<a name="d0t17509"/>
    &lt;<span style="font-weight: bold; color: red">complexType</span>&gt;<a name="d0t17511"/>
      &lt;<span style="font-weight: bold; color: red">group</span> maxOccurs="unbounded" ref="om:omel"/&gt;<a name="d0t17513"/>
      &lt;<span style="font-weight: bold; color: red">attributeGroup</span> ref="om:compound.attributes"/&gt;<a name="d0t17515"/>
    &lt;/<span style="font-weight: bold; color: red">complexType</span>&gt;<a name="d0t17516"/>
  &lt;/<span style="font-weight: bold; color: red">element</span>&gt;<a name="d0t17517"/>
  &lt;!-- binding constructor --&gt;<a name="d0t17519"/>
  &lt;<span style="font-weight: bold; color: red">element</span> name="OMBIND"&gt;<a name="d0t17521"/>
    &lt;<span style="font-weight: bold; color: red">complexType</span>&gt;<a name="d0t17523"/>
      &lt;<span style="font-weight: bold; color: red">sequence</span>&gt;<a name="d0t17525"/>
        &lt;<span style="font-weight: bold; color: red">group</span> ref="om:omel"/&gt;<a name="d0t17527"/>
        &lt;<span style="font-weight: bold; color: red">element</span> ref="om:OMBVAR"/&gt;<a name="d0t17529"/>
        &lt;<span style="font-weight: bold; color: red">group</span> ref="om:omel"/&gt;<a name="d0t17531"/>
      &lt;/<span style="font-weight: bold; color: red">sequence</span>&gt;<a name="d0t17532"/>
      &lt;<span style="font-weight: bold; color: red">attributeGroup</span> ref="om:compound.attributes"/&gt;<a name="d0t17534"/>
    &lt;/<span style="font-weight: bold; color: red">complexType</span>&gt;<a name="d0t17535"/>
  &lt;/<span style="font-weight: bold; color: red">element</span>&gt;<a name="d0t17536"/>
  &lt;!-- variables used in binding constructor --&gt;<a name="d0t17538"/>
  &lt;<span style="font-weight: bold; color: red">element</span> name="OMBVAR"&gt;<a name="d0t17540"/>
    &lt;<span style="font-weight: bold; color: red">complexType</span>&gt;<a name="d0t17542"/>
      &lt;<span style="font-weight: bold; color: red">group</span> maxOccurs="unbounded" ref="om:omvar"/&gt;<a name="d0t17544"/>
      &lt;<span style="font-weight: bold; color: red">attributeGroup</span> ref="om:common.attributes"/&gt;<a name="d0t17546"/>
    &lt;/<span style="font-weight: bold; color: red">complexType</span>&gt;<a name="d0t17547"/>
  &lt;/<span style="font-weight: bold; color: red">element</span>&gt;<a name="d0t17548"/>
  &lt;!-- error constructor --&gt;<a name="d0t17550"/>
  &lt;<span style="font-weight: bold; color: red">element</span> name="OME"&gt;<a name="d0t17552"/>
    &lt;<span style="font-weight: bold; color: red">complexType</span>&gt;<a name="d0t17554"/>
      &lt;<span style="font-weight: bold; color: red">sequence</span>&gt;<a name="d0t17556"/>
        &lt;<span style="font-weight: bold; color: red">element</span> ref="om:OMS"/&gt;<a name="d0t17558"/>
        &lt;<span style="font-weight: bold; color: red">choice</span> minOccurs="0" maxOccurs="unbounded"&gt;<a name="d0t17560"/>
          &lt;<span style="font-weight: bold; color: red">group</span> ref="om:omel"/&gt;<a name="d0t17562"/>
          &lt;<span style="font-weight: bold; color: red">element</span> ref="om:OMFOREIGN"/&gt;<a name="d0t17564"/>
        &lt;/<span style="font-weight: bold; color: red">choice</span>&gt;<a name="d0t17565"/>
      &lt;/<span style="font-weight: bold; color: red">sequence</span>&gt;<a name="d0t17566"/>
      &lt;<span style="font-weight: bold; color: red">attributeGroup</span> ref="om:common.attributes"/&gt;<a name="d0t17568"/>
    &lt;/<span style="font-weight: bold; color: red">complexType</span>&gt;<a name="d0t17569"/>
  &lt;/<span style="font-weight: bold; color: red">element</span>&gt;<a name="d0t17570"/>
  &lt;!-- attribution constructor and attribute pair constructor --&gt;<a name="d0t17572"/>
  &lt;<span style="font-weight: bold; color: red">group</span> name="OMATTR"&gt;<a name="d0t17574"/>
    &lt;<span style="font-weight: bold; color: red">sequence</span>&gt;<a name="d0t17576"/>
      &lt;<span style="font-weight: bold; color: red">element</span> name="OMATTR"&gt;<a name="d0t17578"/>
        &lt;<span style="font-weight: bold; color: red">complexType</span>&gt;<a name="d0t17580"/>
          &lt;<span style="font-weight: bold; color: red">sequence</span>&gt;<a name="d0t17582"/>
            &lt;<span style="font-weight: bold; color: red">element</span> ref="om:OMATP"/&gt;<a name="d0t17584"/>
            &lt;<span style="font-weight: bold; color: red">group</span> ref="om:omel"/&gt;<a name="d0t17586"/>
          &lt;/<span style="font-weight: bold; color: red">sequence</span>&gt;<a name="d0t17587"/>
          &lt;<span style="font-weight: bold; color: red">attributeGroup</span> ref="om:compound.attributes"/&gt;<a name="d0t17589"/>
        &lt;/<span style="font-weight: bold; color: red">complexType</span>&gt;<a name="d0t17590"/>
      &lt;/<span style="font-weight: bold; color: red">element</span>&gt;<a name="d0t17591"/>
    &lt;/<span style="font-weight: bold; color: red">sequence</span>&gt;<a name="d0t17592"/>
  &lt;/<span style="font-weight: bold; color: red">group</span>&gt;<a name="d0t17593"/>
  &lt;<span style="font-weight: bold; color: red">element</span> name="OMATP"&gt;<a name="d0t17595"/>
    &lt;<span style="font-weight: bold; color: red">complexType</span>&gt;<a name="d0t17597"/>
      &lt;<span style="font-weight: bold; color: red">sequence</span> maxOccurs="unbounded"&gt;<a name="d0t17599"/>
        &lt;<span style="font-weight: bold; color: red">element</span> ref="om:OMS"/&gt;<a name="d0t17601"/>
        &lt;<span style="font-weight: bold; color: red">choice</span>&gt;<a name="d0t17603"/>
          &lt;<span style="font-weight: bold; color: red">group</span> ref="om:omel"/&gt;<a name="d0t17605"/>
          &lt;<span style="font-weight: bold; color: red">element</span> ref="om:OMFOREIGN"/&gt;<a name="d0t17607"/>
        &lt;/<span style="font-weight: bold; color: red">choice</span>&gt;<a name="d0t17608"/>
      &lt;/<span style="font-weight: bold; color: red">sequence</span>&gt;<a name="d0t17609"/>
      &lt;<span style="font-weight: bold; color: red">attributeGroup</span> ref="om:compound.attributes"/&gt;<a name="d0t17611"/>
    &lt;/<span style="font-weight: bold; color: red">complexType</span>&gt;<a name="d0t17612"/>
  &lt;/<span style="font-weight: bold; color: red">element</span>&gt;<a name="d0t17613"/>
  &lt;!-- foreign constructor --&gt;<a name="d0t17615"/>
  &lt;<span style="font-weight: bold; color: red">element</span> name="OMFOREIGN"&gt;<a name="d0t17617"/>
    &lt;<span style="font-weight: bold; color: red">complexType</span> mixed="true"&gt;<a name="d0t17619"/>
      &lt;<span style="font-weight: bold; color: red">choice</span> minOccurs="0" maxOccurs="unbounded"&gt;<a name="d0t17621"/>
        &lt;<span style="font-weight: bold; color: red">group</span> ref="om:omel"/&gt;<a name="d0t17623"/>
        &lt;<span style="font-weight: bold; color: red">group</span> ref="om:notom"/&gt;<a name="d0t17625"/>
      &lt;/<span style="font-weight: bold; color: red">choice</span>&gt;<a name="d0t17626"/>
      &lt;<span style="font-weight: bold; color: red">attributeGroup</span> ref="om:compound.attributes"/&gt;<a name="d0t17628"/>
      &lt;<span style="font-weight: bold; color: red">attribute</span> name="encoding" type="xs:string"/&gt;<a name="d0t17630"/>
    &lt;/<span style="font-weight: bold; color: red">complexType</span>&gt;<a name="d0t17631"/>
  &lt;/<span style="font-weight: bold; color: red">element</span>&gt;<a name="d0t17632"/>
  &lt;!--
    Any elements not in the om namespace
    (valid om is allowed as a descendant)
  --&gt;<a name="d0t17634"/>
  &lt;<span style="font-weight: bold; color: red">group</span> name="notom"&gt;<a name="d0t17636"/>
    &lt;<span style="font-weight: bold; color: red">sequence</span>&gt;<a name="d0t17638"/>
      &lt;<span style="font-weight: bold; color: red">choice</span> minOccurs="0"&gt;<a name="d0t17640"/>
        &lt;<span style="font-weight: bold; color: red">any</span> namespace="##other" processContents="skip"/&gt;<a name="d0t17642"/>
        &lt;<span style="font-weight: bold; color: red">any</span> namespace="##local" processContents="skip"/&gt;<a name="d0t17644"/>
      &lt;/<span style="font-weight: bold; color: red">choice</span>&gt;<a name="d0t17645"/>
    &lt;/<span style="font-weight: bold; color: red">sequence</span>&gt;<a name="d0t17646"/>
  &lt;/<span style="font-weight: bold; color: red">group</span>&gt;<a name="d0t17647"/>
  &lt;!-- reference constructor --&gt;<a name="d0t17649"/>
  &lt;<span style="font-weight: bold; color: red">element</span> name="OMR"&gt;<a name="d0t17651"/>
    &lt;<span style="font-weight: bold; color: red">complexType</span>&gt;<a name="d0t17653"/>
      &lt;<span style="font-weight: bold; color: red">attributeGroup</span> ref="om:common.attributes"/&gt;<a name="d0t17655"/>
      &lt;<span style="font-weight: bold; color: red">attribute</span> name="href" use="required" type="xs:anyURI"/&gt;<a name="d0t17657"/>
    &lt;/<span style="font-weight: bold; color: red">complexType</span>&gt;<a name="d0t17658"/>
  &lt;/<span style="font-weight: bold; color: red">element</span>&gt;<a name="d0t17659"/>
&lt;/<span style="font-weight: bold; color: red">schema</span>&gt;

  </pre></div>
</div>
  <div class="minitoc"><a href="omstd20html-0.xml">OpenMath 2</a> <a href="omstd20html-0.xml#toc">Table of Contents</a><br/><br/><a href="omstd20html-c.xml">Previous: C Restricting the <i>OpenMath</i> Schema (Non-Normative)</a><br/><a href="#app_xsd">This: D <i>OpenMath</i> Schema in XSD Syntax (Non-Normative)</a><br/><a href="omstd20html-e.xml">Next: E <i>OpenMath</i> DTD (Non-Normative)</a><br/></div>
</body>
</html>