<?xml version="1.0" encoding="iso-8859-1"?>
<?xml-stylesheet  type="text/xsl" href="pmathml.xsl"?>
<html xmlns="http://www.w3.org/1999/xhtml" xmlns:m="http://www.w3.org/1998/Math/MathML" xml:space="preserve">


<head>
<title>OpenMath Schema in Relax NG XML Syntax (Normative)</title>

<style>

body {
margin-left: 1em;
margin-right: 1em;
}

div.mdata {
margin-top: .5em;
margin-bottom: .5em;
margin-left: 5em;
}

span.mdatahead {
font-weight: bold;
}

div.minitoc {
border-width: thin;
border-style: solid;
border-color: blue;
font-size: 90%;
margin-top: 1em;
margin-bottom: 1em;
padding: 1em 1em 1em 1em;
}

p {text-align:justify;	   
  }
code {font-size: 125%;
      font-family: monospace; 
     }
.figure {
border-width:thin;
border-style: solid;
border-color: black;
margin: 0.5em 0.5em 0.5em 0.5em;
padding: 0.5em 0.5em 0.5em 0.5em;
}

div.caption {
margin-top: 1em;
}

.footnote{
font-size: 75%;
font-style: italic;
}
.delliteral {
font-size: 75%;
background-color: #efefef;
border-color: black;
border-style: solid;
border-width: 1px;
padding: 1em;
color: red;
text-decoration: line-through;
}
.newliteral {
font-size: 75%;
background-color: #efefef;
border-color: black;
border-style: solid;
border-width: 1px;
padding: 1em;
color: green;
}
.literal {
font-size: 75%;
background-color: #efefef;
border-color: black;
border-style: solid;
border-width: 1px;
padding: 1em;
margin:bottom: 1em;
}
.del {
color: red;
text-decoration: line-through;
}
.new {
color: green;
}
.chg {
color: blue;
}
.changetoc {
border-style: solid;
border-color: black;
border-width: 1px;
margin: 2em 2em 2em 2em;
background-color: yellow;
}

.lowerroman {
list-style-type: lower-roman;
}
</style>
</head>
<body>
  <div class="minitoc"><a href="omstd20html-0.xml">OpenMath 2</a> <a href="omstd20html-0.xml#toc">Table of Contents</a><br/><br/><a href="omstd20html-a.xml">Previous: A CD Files</a><br/><a href="#app_openmath.rng">This: B <i>OpenMath</i> Schema in Relax NG XML Syntax (Normative)</a><br/><a href="omstd20html-c.xml">Next: C Restricting the <i>OpenMath</i> Schema (Non-Normative)</a><br/></div>
  <div><h1 name="app_openmath.rng" id="app_openmath.rng">
  Appendix�B<br/><i>OpenMath</i> Schema in Relax NG XML Syntax (Normative)</h1>
  
  
  <p>This is the Relax NG Schema described in <a href="omstd20html-3.xml#sec_xml">Section�3.1</a>
    expressed according to the Relax NG XML Syntax.
  </p>
  <div class="literal"><pre>
    

&lt;<span style="font-weight: bold; color: red">grammar</span>
 xmlns="http://relaxng.org/ns/structure/1.0" ns="http://www.openmath.org/OpenMath" datatypeLibrary="http://www.w3.org/2001/XMLSchema-datatypes"&gt;<a name="d0t16814"/>
  &lt;<span style="font-weight: bold; color: red">start</span>&gt;<a name="d0t16816"/>
    &lt;<span style="font-weight: bold; color: red">ref</span> name="OMOBJ"/&gt;<a name="d0t16818"/>
  &lt;/<span style="font-weight: bold; color: red">start</span>&gt;<a name="d0t16819"/>
  &lt;!-- OpenMath object constructor --&gt;<a name="d0t16821"/>
  &lt;<span style="font-weight: bold; color: red">define</span> name="OMOBJ"&gt;<a name="d0t16823"/>
    &lt;<span style="font-weight: bold; color: red">element</span> name="OMOBJ"&gt;<a name="d0t16825"/>
      &lt;<span style="font-weight: bold; color: red">ref</span> name="compound.attributes"/&gt;<a name="d0t16827"/>
      &lt;<span style="font-weight: bold; color: red">optional</span>&gt;<a name="d0t16829"/>
        &lt;<span style="font-weight: bold; color: red">attribute</span> name="version"&gt;<a name="d0t16831"/>
          &lt;<span style="font-weight: bold; color: red">data</span> type="float"/&gt;<a name="d0t16833"/>
        &lt;/<span style="font-weight: bold; color: red">attribute</span>&gt;<a name="d0t16834"/>
      &lt;/<span style="font-weight: bold; color: red">optional</span>&gt;<a name="d0t16835"/>
      &lt;<span style="font-weight: bold; color: red">ref</span> name="omel"/&gt;<a name="d0t16837"/>
    &lt;/<span style="font-weight: bold; color: red">element</span>&gt;<a name="d0t16838"/>
  &lt;/<span style="font-weight: bold; color: red">define</span>&gt;<a name="d0t16839"/>
  &lt;!-- Elements which can appear inside an OpenMath object --&gt;<a name="d0t16841"/>
  &lt;<span style="font-weight: bold; color: red">define</span> name="omel"&gt;<a name="d0t16843"/>
    &lt;<span style="font-weight: bold; color: red">choice</span>&gt;<a name="d0t16845"/>
      &lt;<span style="font-weight: bold; color: red">ref</span> name="OMS"/&gt;<a name="d0t16847"/>
      &lt;<span style="font-weight: bold; color: red">ref</span> name="OMV"/&gt;<a name="d0t16849"/>
      &lt;<span style="font-weight: bold; color: red">ref</span> name="OMI"/&gt;<a name="d0t16851"/>
      &lt;<span style="font-weight: bold; color: red">ref</span> name="OMB"/&gt;<a name="d0t16853"/>
      &lt;<span style="font-weight: bold; color: red">ref</span> name="OMSTR"/&gt;<a name="d0t16855"/>
      &lt;<span style="font-weight: bold; color: red">ref</span> name="OMF"/&gt;<a name="d0t16857"/>
      &lt;<span style="font-weight: bold; color: red">ref</span> name="OMA"/&gt;<a name="d0t16859"/>
      &lt;<span style="font-weight: bold; color: red">ref</span> name="OMBIND"/&gt;<a name="d0t16861"/>
      &lt;<span style="font-weight: bold; color: red">ref</span> name="OME"/&gt;<a name="d0t16863"/>
      &lt;<span style="font-weight: bold; color: red">ref</span> name="OMATTR"/&gt;<a name="d0t16865"/>
      &lt;<span style="font-weight: bold; color: red">ref</span> name="OMR"/&gt;<a name="d0t16867"/>
    &lt;/<span style="font-weight: bold; color: red">choice</span>&gt;<a name="d0t16868"/>
  &lt;/<span style="font-weight: bold; color: red">define</span>&gt;<a name="d0t16869"/>
  &lt;!-- things which can be variables --&gt;<a name="d0t16871"/>
  &lt;<span style="font-weight: bold; color: red">define</span> name="omvar"&gt;<a name="d0t16873"/>
    &lt;<span style="font-weight: bold; color: red">choice</span>&gt;<a name="d0t16875"/>
      &lt;<span style="font-weight: bold; color: red">ref</span> name="OMV"/&gt;<a name="d0t16877"/>
      &lt;<span style="font-weight: bold; color: red">ref</span> name="attvar"/&gt;<a name="d0t16879"/>
    &lt;/<span style="font-weight: bold; color: red">choice</span>&gt;<a name="d0t16880"/>
  &lt;/<span style="font-weight: bold; color: red">define</span>&gt;<a name="d0t16881"/>
  &lt;<span style="font-weight: bold; color: red">define</span> name="attvar"&gt;<a name="d0t16883"/>
    &lt;<span style="font-weight: bold; color: red">element</span> name="OMATTR"&gt;<a name="d0t16885"/>
      &lt;<span style="font-weight: bold; color: red">ref</span> name="common.attributes"/&gt;<a name="d0t16887"/>
      &lt;<span style="font-weight: bold; color: red">group</span>&gt;<a name="d0t16889"/>
        &lt;<span style="font-weight: bold; color: red">ref</span> name="OMATP"/&gt;<a name="d0t16891"/>
        &lt;<span style="font-weight: bold; color: red">choice</span>&gt;<a name="d0t16893"/>
          &lt;<span style="font-weight: bold; color: red">ref</span> name="OMV"/&gt;<a name="d0t16895"/>
          &lt;<span style="font-weight: bold; color: red">ref</span> name="attvar"/&gt;<a name="d0t16897"/>
        &lt;/<span style="font-weight: bold; color: red">choice</span>&gt;<a name="d0t16898"/>
      &lt;/<span style="font-weight: bold; color: red">group</span>&gt;<a name="d0t16899"/>
    &lt;/<span style="font-weight: bold; color: red">element</span>&gt;<a name="d0t16900"/>
  &lt;/<span style="font-weight: bold; color: red">define</span>&gt;<a name="d0t16901"/>
  &lt;<span style="font-weight: bold; color: red">define</span> name="cdbase"&gt;<a name="d0t16903"/>
    &lt;<span style="font-weight: bold; color: red">optional</span>&gt;<a name="d0t16905"/>
      &lt;<span style="font-weight: bold; color: red">attribute</span> name="cdbase"&gt;<a name="d0t16907"/>
        &lt;<span style="font-weight: bold; color: red">data</span> type="anyURI"/&gt;<a name="d0t16909"/>
      &lt;/<span style="font-weight: bold; color: red">attribute</span>&gt;<a name="d0t16910"/>
    &lt;/<span style="font-weight: bold; color: red">optional</span>&gt;<a name="d0t16911"/>
  &lt;/<span style="font-weight: bold; color: red">define</span>&gt;<a name="d0t16912"/>
  &lt;!-- attributes common to all elements --&gt;<a name="d0t16914"/>
  &lt;<span style="font-weight: bold; color: red">define</span> name="common.attributes"&gt;<a name="d0t16916"/>
    &lt;<span style="font-weight: bold; color: red">optional</span>&gt;<a name="d0t16918"/>
      &lt;<span style="font-weight: bold; color: red">attribute</span> name="id"&gt;<a name="d0t16920"/>
        &lt;<span style="font-weight: bold; color: red">data</span> type="ID"/&gt;<a name="d0t16922"/>
      &lt;/<span style="font-weight: bold; color: red">attribute</span>&gt;<a name="d0t16923"/>
    &lt;/<span style="font-weight: bold; color: red">optional</span>&gt;<a name="d0t16924"/>
  &lt;/<span style="font-weight: bold; color: red">define</span>&gt;<a name="d0t16925"/>
  &lt;!-- attributes common to all elements that construct compount OM objects. --&gt;<a name="d0t16927"/>
  &lt;<span style="font-weight: bold; color: red">define</span> name="compound.attributes"&gt;<a name="d0t16929"/>
    &lt;<span style="font-weight: bold; color: red">ref</span> name="common.attributes"/&gt;<a name="d0t16931"/>
    &lt;<span style="font-weight: bold; color: red">ref</span> name="cdbase"/&gt;<a name="d0t16933"/>
  &lt;/<span style="font-weight: bold; color: red">define</span>&gt;<a name="d0t16934"/>
  &lt;!-- symbol --&gt;<a name="d0t16936"/>
  &lt;<span style="font-weight: bold; color: red">define</span> name="OMS"&gt;<a name="d0t16938"/>
    &lt;<span style="font-weight: bold; color: red">element</span> name="OMS"&gt;<a name="d0t16940"/>
      &lt;<span style="font-weight: bold; color: red">ref</span> name="common.attributes"/&gt;<a name="d0t16942"/>
      &lt;<span style="font-weight: bold; color: red">attribute</span> name="name"&gt;<a name="d0t16944"/>
        &lt;<span style="font-weight: bold; color: red">data</span> type="NCName"/&gt;<a name="d0t16946"/>
      &lt;/<span style="font-weight: bold; color: red">attribute</span>&gt;<a name="d0t16947"/>
      &lt;<span style="font-weight: bold; color: red">attribute</span> name="cd"&gt;<a name="d0t16949"/>
        &lt;<span style="font-weight: bold; color: red">data</span> type="NCName"/&gt;<a name="d0t16951"/>
      &lt;/<span style="font-weight: bold; color: red">attribute</span>&gt;<a name="d0t16952"/>
      &lt;<span style="font-weight: bold; color: red">ref</span> name="cdbase"/&gt;<a name="d0t16954"/>
    &lt;/<span style="font-weight: bold; color: red">element</span>&gt;<a name="d0t16955"/>
  &lt;/<span style="font-weight: bold; color: red">define</span>&gt;<a name="d0t16956"/>
  &lt;!-- variable --&gt;<a name="d0t16958"/>
  &lt;<span style="font-weight: bold; color: red">define</span> name="OMV"&gt;<a name="d0t16960"/>
    &lt;<span style="font-weight: bold; color: red">element</span> name="OMV"&gt;<a name="d0t16962"/>
      &lt;<span style="font-weight: bold; color: red">ref</span> name="common.attributes"/&gt;<a name="d0t16964"/>
      &lt;<span style="font-weight: bold; color: red">attribute</span> name="name"&gt;<a name="d0t16966"/>
        &lt;<span style="font-weight: bold; color: red">data</span> type="NCName"/&gt;<a name="d0t16968"/>
      &lt;/<span style="font-weight: bold; color: red">attribute</span>&gt;<a name="d0t16969"/>
    &lt;/<span style="font-weight: bold; color: red">element</span>&gt;<a name="d0t16970"/>
  &lt;/<span style="font-weight: bold; color: red">define</span>&gt;<a name="d0t16971"/>
  &lt;!-- integer --&gt;<a name="d0t16973"/>
  &lt;<span style="font-weight: bold; color: red">define</span> name="OMI"&gt;<a name="d0t16975"/>
    &lt;<span style="font-weight: bold; color: red">element</span> name="OMI"&gt;<a name="d0t16977"/>
      &lt;<span style="font-weight: bold; color: red">ref</span> name="common.attributes"/&gt;<a name="d0t16979"/>
      &lt;<span style="font-weight: bold; color: red">data</span> type="string"&gt;<a name="d0t16981"/>
        &lt;<span style="font-weight: bold; color: red">param</span> name="pattern"&gt;<a name="d0t16983"/>\s*(-\s?)?[0-9]+(\s[0-9]+)*\s*&lt;/<span style="font-weight: bold; color: red">param</span>&gt;<a name="d0t16984"/>
      &lt;/<span style="font-weight: bold; color: red">data</span>&gt;<a name="d0t16985"/>
    &lt;/<span style="font-weight: bold; color: red">element</span>&gt;<a name="d0t16986"/>
  &lt;/<span style="font-weight: bold; color: red">define</span>&gt;<a name="d0t16987"/>
  &lt;!-- byte array --&gt;<a name="d0t16989"/>
  &lt;<span style="font-weight: bold; color: red">define</span> name="OMB"&gt;<a name="d0t16991"/>
    &lt;<span style="font-weight: bold; color: red">element</span> name="OMB"&gt;<a name="d0t16993"/>
      &lt;<span style="font-weight: bold; color: red">ref</span> name="common.attributes"/&gt;<a name="d0t16995"/>
      &lt;<span style="font-weight: bold; color: red">data</span> type="base64Binary"/&gt;<a name="d0t16997"/>
    &lt;/<span style="font-weight: bold; color: red">element</span>&gt;<a name="d0t16998"/>
  &lt;/<span style="font-weight: bold; color: red">define</span>&gt;<a name="d0t16999"/>
  &lt;!-- string --&gt;<a name="d0t17001"/>
  &lt;<span style="font-weight: bold; color: red">define</span> name="OMSTR"&gt;<a name="d0t17003"/>
    &lt;<span style="font-weight: bold; color: red">element</span> name="OMSTR"&gt;<a name="d0t17005"/>
      &lt;<span style="font-weight: bold; color: red">ref</span> name="common.attributes"/&gt;<a name="d0t17007"/>
      &lt;<span style="font-weight: bold; color: red">text</span>/&gt;<a name="d0t17009"/>
    &lt;/<span style="font-weight: bold; color: red">element</span>&gt;<a name="d0t17010"/>
  &lt;/<span style="font-weight: bold; color: red">define</span>&gt;<a name="d0t17011"/>
  &lt;!-- IEEE floating point number --&gt;<a name="d0t17013"/>
  &lt;<span style="font-weight: bold; color: red">define</span> name="OMF"&gt;<a name="d0t17015"/>
    &lt;<span style="font-weight: bold; color: red">element</span> name="OMF"&gt;<a name="d0t17017"/>
      &lt;<span style="font-weight: bold; color: red">ref</span> name="common.attributes"/&gt;<a name="d0t17019"/>
      &lt;<span style="font-weight: bold; color: red">choice</span>&gt;<a name="d0t17021"/>
        &lt;<span style="font-weight: bold; color: red">attribute</span> name="dec"&gt;<a name="d0t17023"/>
          &lt;<span style="font-weight: bold; color: red">data</span> type="double"/&gt;<a name="d0t17025"/>
        &lt;/<span style="font-weight: bold; color: red">attribute</span>&gt;<a name="d0t17026"/>
        &lt;<span style="font-weight: bold; color: red">attribute</span> name="hex"&gt;<a name="d0t17028"/>
          &lt;<span style="font-weight: bold; color: red">data</span> type="string"&gt;<a name="d0t17030"/>
            &lt;<span style="font-weight: bold; color: red">param</span> name="pattern"&gt;<a name="d0t17032"/>[0-9A-F]+&lt;/<span style="font-weight: bold; color: red">param</span>&gt;<a name="d0t17033"/>
          &lt;/<span style="font-weight: bold; color: red">data</span>&gt;<a name="d0t17034"/>
        &lt;/<span style="font-weight: bold; color: red">attribute</span>&gt;<a name="d0t17035"/>
      &lt;/<span style="font-weight: bold; color: red">choice</span>&gt;<a name="d0t17036"/>
    &lt;/<span style="font-weight: bold; color: red">element</span>&gt;<a name="d0t17037"/>
  &lt;/<span style="font-weight: bold; color: red">define</span>&gt;<a name="d0t17038"/>
  &lt;!-- apply constructor --&gt;<a name="d0t17040"/>
  &lt;<span style="font-weight: bold; color: red">define</span> name="OMA"&gt;<a name="d0t17042"/>
    &lt;<span style="font-weight: bold; color: red">element</span> name="OMA"&gt;<a name="d0t17044"/>
      &lt;<span style="font-weight: bold; color: red">ref</span> name="compound.attributes"/&gt;<a name="d0t17046"/>
      &lt;<span style="font-weight: bold; color: red">oneOrMore</span>&gt;<a name="d0t17048"/>
        &lt;<span style="font-weight: bold; color: red">ref</span> name="omel"/&gt;<a name="d0t17050"/>
      &lt;/<span style="font-weight: bold; color: red">oneOrMore</span>&gt;<a name="d0t17051"/>
    &lt;/<span style="font-weight: bold; color: red">element</span>&gt;<a name="d0t17052"/>
  &lt;/<span style="font-weight: bold; color: red">define</span>&gt;<a name="d0t17053"/>
  &lt;!-- binding constructor --&gt;<a name="d0t17055"/>
  &lt;<span style="font-weight: bold; color: red">define</span> name="OMBIND"&gt;<a name="d0t17057"/>
    &lt;<span style="font-weight: bold; color: red">element</span> name="OMBIND"&gt;<a name="d0t17059"/>
      &lt;<span style="font-weight: bold; color: red">ref</span> name="compound.attributes"/&gt;<a name="d0t17061"/>
      &lt;<span style="font-weight: bold; color: red">ref</span> name="omel"/&gt;<a name="d0t17063"/>
      &lt;<span style="font-weight: bold; color: red">ref</span> name="OMBVAR"/&gt;<a name="d0t17065"/>
      &lt;<span style="font-weight: bold; color: red">ref</span> name="omel"/&gt;<a name="d0t17067"/>
    &lt;/<span style="font-weight: bold; color: red">element</span>&gt;<a name="d0t17068"/>
  &lt;/<span style="font-weight: bold; color: red">define</span>&gt;<a name="d0t17069"/>
  &lt;!-- variables used in binding constructor --&gt;<a name="d0t17071"/>
  &lt;<span style="font-weight: bold; color: red">define</span> name="OMBVAR"&gt;<a name="d0t17073"/>
    &lt;<span style="font-weight: bold; color: red">element</span> name="OMBVAR"&gt;<a name="d0t17075"/>
      &lt;<span style="font-weight: bold; color: red">ref</span> name="common.attributes"/&gt;<a name="d0t17077"/>
      &lt;<span style="font-weight: bold; color: red">oneOrMore</span>&gt;<a name="d0t17079"/>
        &lt;<span style="font-weight: bold; color: red">ref</span> name="omvar"/&gt;<a name="d0t17081"/>
      &lt;/<span style="font-weight: bold; color: red">oneOrMore</span>&gt;<a name="d0t17082"/>
    &lt;/<span style="font-weight: bold; color: red">element</span>&gt;<a name="d0t17083"/>
  &lt;/<span style="font-weight: bold; color: red">define</span>&gt;<a name="d0t17084"/>
  &lt;!-- error constructor --&gt;<a name="d0t17086"/>
  &lt;<span style="font-weight: bold; color: red">define</span> name="OME"&gt;<a name="d0t17088"/>
    &lt;<span style="font-weight: bold; color: red">element</span> name="OME"&gt;<a name="d0t17090"/>
      &lt;<span style="font-weight: bold; color: red">ref</span> name="common.attributes"/&gt;<a name="d0t17092"/>
      &lt;<span style="font-weight: bold; color: red">ref</span> name="OMS"/&gt;<a name="d0t17094"/>
      &lt;<span style="font-weight: bold; color: red">zeroOrMore</span>&gt;<a name="d0t17096"/>
        &lt;<span style="font-weight: bold; color: red">choice</span>&gt;<a name="d0t17098"/>
          &lt;<span style="font-weight: bold; color: red">ref</span> name="omel"/&gt;<a name="d0t17100"/>
          &lt;<span style="font-weight: bold; color: red">ref</span> name="OMFOREIGN"/&gt;<a name="d0t17102"/>
        &lt;/<span style="font-weight: bold; color: red">choice</span>&gt;<a name="d0t17103"/>
      &lt;/<span style="font-weight: bold; color: red">zeroOrMore</span>&gt;<a name="d0t17104"/>
    &lt;/<span style="font-weight: bold; color: red">element</span>&gt;<a name="d0t17105"/>
  &lt;/<span style="font-weight: bold; color: red">define</span>&gt;<a name="d0t17106"/>
  &lt;!-- attribution constructor and attribute pair constructor --&gt;<a name="d0t17108"/>
  &lt;<span style="font-weight: bold; color: red">define</span> name="OMATTR"&gt;<a name="d0t17110"/>
    &lt;<span style="font-weight: bold; color: red">element</span> name="OMATTR"&gt;<a name="d0t17112"/>
      &lt;<span style="font-weight: bold; color: red">ref</span> name="compound.attributes"/&gt;<a name="d0t17114"/>
      &lt;<span style="font-weight: bold; color: red">ref</span> name="OMATP"/&gt;<a name="d0t17116"/>
      &lt;<span style="font-weight: bold; color: red">ref</span> name="omel"/&gt;<a name="d0t17118"/>
    &lt;/<span style="font-weight: bold; color: red">element</span>&gt;<a name="d0t17119"/>
  &lt;/<span style="font-weight: bold; color: red">define</span>&gt;<a name="d0t17120"/>
  &lt;<span style="font-weight: bold; color: red">define</span> name="OMATP"&gt;<a name="d0t17122"/>
    &lt;<span style="font-weight: bold; color: red">element</span> name="OMATP"&gt;<a name="d0t17124"/>
      &lt;<span style="font-weight: bold; color: red">ref</span> name="compound.attributes"/&gt;<a name="d0t17126"/>
      &lt;<span style="font-weight: bold; color: red">oneOrMore</span>&gt;<a name="d0t17128"/>
        &lt;<span style="font-weight: bold; color: red">ref</span> name="OMS"/&gt;<a name="d0t17130"/>
        &lt;<span style="font-weight: bold; color: red">choice</span>&gt;<a name="d0t17132"/>
          &lt;<span style="font-weight: bold; color: red">ref</span> name="omel"/&gt;<a name="d0t17134"/>
          &lt;<span style="font-weight: bold; color: red">ref</span> name="OMFOREIGN"/&gt;<a name="d0t17136"/>
        &lt;/<span style="font-weight: bold; color: red">choice</span>&gt;<a name="d0t17137"/>
      &lt;/<span style="font-weight: bold; color: red">oneOrMore</span>&gt;<a name="d0t17138"/>
    &lt;/<span style="font-weight: bold; color: red">element</span>&gt;<a name="d0t17139"/>
  &lt;/<span style="font-weight: bold; color: red">define</span>&gt;<a name="d0t17140"/>
  &lt;!-- foreign constructor --&gt;<a name="d0t17142"/>
  &lt;<span style="font-weight: bold; color: red">define</span> name="OMFOREIGN"&gt;<a name="d0t17144"/>
    &lt;<span style="font-weight: bold; color: red">element</span> name="OMFOREIGN"&gt;<a name="d0t17146"/>
      &lt;<span style="font-weight: bold; color: red">ref</span> name="compound.attributes"/&gt;<a name="d0t17148"/>
      &lt;<span style="font-weight: bold; color: red">optional</span>&gt;<a name="d0t17150"/>
        &lt;<span style="font-weight: bold; color: red">attribute</span> name="encoding"&gt;<a name="d0t17152"/>
          &lt;<span style="font-weight: bold; color: red">data</span> type="string"/&gt;<a name="d0t17154"/>
        &lt;/<span style="font-weight: bold; color: red">attribute</span>&gt;<a name="d0t17155"/>
      &lt;/<span style="font-weight: bold; color: red">optional</span>&gt;<a name="d0t17156"/>
      &lt;<span style="font-weight: bold; color: red">zeroOrMore</span>&gt;<a name="d0t17158"/>
        &lt;<span style="font-weight: bold; color: red">choice</span>&gt;<a name="d0t17160"/>
          &lt;<span style="font-weight: bold; color: red">ref</span> name="omel"/&gt;<a name="d0t17162"/>
          &lt;<span style="font-weight: bold; color: red">ref</span> name="notom"/&gt;<a name="d0t17164"/>
        &lt;/<span style="font-weight: bold; color: red">choice</span>&gt;<a name="d0t17165"/>
      &lt;/<span style="font-weight: bold; color: red">zeroOrMore</span>&gt;<a name="d0t17166"/>
    &lt;/<span style="font-weight: bold; color: red">element</span>&gt;<a name="d0t17167"/>
  &lt;/<span style="font-weight: bold; color: red">define</span>&gt;<a name="d0t17168"/>
  &lt;!--
    Any elements not in the om namespace
    (valid om is allowed as a descendant)
  --&gt;<a name="d0t17170"/>
  &lt;<span style="font-weight: bold; color: red">define</span> name="notom"&gt;<a name="d0t17172"/>
    &lt;<span style="font-weight: bold; color: red">choice</span>&gt;<a name="d0t17174"/>
      &lt;<span style="font-weight: bold; color: red">element</span>&gt;<a name="d0t17176"/>
        &lt;<span style="font-weight: bold; color: red">anyName</span>&gt;<a name="d0t17178"/>
          &lt;<span style="font-weight: bold; color: red">except</span>&gt;<a name="d0t17180"/>
            &lt;<span style="font-weight: bold; color: red">nsName</span>/&gt;<a name="d0t17182"/>
          &lt;/<span style="font-weight: bold; color: red">except</span>&gt;<a name="d0t17183"/>
        &lt;/<span style="font-weight: bold; color: red">anyName</span>&gt;<a name="d0t17184"/>
        &lt;<span style="font-weight: bold; color: red">zeroOrMore</span>&gt;<a name="d0t17186"/>
          &lt;<span style="font-weight: bold; color: red">attribute</span>&gt;<a name="d0t17188"/>
            &lt;<span style="font-weight: bold; color: red">anyName</span>/&gt;<a name="d0t17190"/>
          &lt;/<span style="font-weight: bold; color: red">attribute</span>&gt;<a name="d0t17191"/>
        &lt;/<span style="font-weight: bold; color: red">zeroOrMore</span>&gt;<a name="d0t17192"/>
        &lt;<span style="font-weight: bold; color: red">zeroOrMore</span>&gt;<a name="d0t17194"/>
          &lt;<span style="font-weight: bold; color: red">choice</span>&gt;<a name="d0t17196"/>
            &lt;<span style="font-weight: bold; color: red">ref</span> name="omel"/&gt;<a name="d0t17198"/>
            &lt;<span style="font-weight: bold; color: red">ref</span> name="notom"/&gt;<a name="d0t17200"/>
          &lt;/<span style="font-weight: bold; color: red">choice</span>&gt;<a name="d0t17201"/>
        &lt;/<span style="font-weight: bold; color: red">zeroOrMore</span>&gt;<a name="d0t17202"/>
      &lt;/<span style="font-weight: bold; color: red">element</span>&gt;<a name="d0t17203"/>
      &lt;<span style="font-weight: bold; color: red">text</span>/&gt;<a name="d0t17205"/>
    &lt;/<span style="font-weight: bold; color: red">choice</span>&gt;<a name="d0t17206"/>
  &lt;/<span style="font-weight: bold; color: red">define</span>&gt;<a name="d0t17207"/>
  &lt;!-- reference constructor --&gt;<a name="d0t17209"/>
  &lt;<span style="font-weight: bold; color: red">define</span> name="OMR"&gt;<a name="d0t17211"/>
    &lt;<span style="font-weight: bold; color: red">element</span> name="OMR"&gt;<a name="d0t17213"/>
      &lt;<span style="font-weight: bold; color: red">ref</span> name="common.attributes"/&gt;<a name="d0t17215"/>
      &lt;<span style="font-weight: bold; color: red">attribute</span> name="href"&gt;<a name="d0t17217"/>
        &lt;<span style="font-weight: bold; color: red">data</span> type="anyURI"/&gt;<a name="d0t17219"/>
      &lt;/<span style="font-weight: bold; color: red">attribute</span>&gt;<a name="d0t17220"/>
    &lt;/<span style="font-weight: bold; color: red">element</span>&gt;<a name="d0t17221"/>
  &lt;/<span style="font-weight: bold; color: red">define</span>&gt;<a name="d0t17222"/>
&lt;/<span style="font-weight: bold; color: red">grammar</span>&gt;

  </pre></div>
</div>
  <div class="minitoc"><a href="omstd20html-0.xml">OpenMath 2</a> <a href="omstd20html-0.xml#toc">Table of Contents</a><br/><br/><a href="omstd20html-a.xml">Previous: A CD Files</a><br/><a href="#app_openmath.rng">This: B <i>OpenMath</i> Schema in Relax NG XML Syntax (Normative)</a><br/><a href="omstd20html-c.xml">Next: C Restricting the <i>OpenMath</i> Schema (Non-Normative)</a><br/></div>
</body>
</html>